,City,Country,Date,Max Temp,Humidity,Cloudiness,Wind Speed,Latitude,Lng
0,Port Hawkesbury,CA,01.05.2020,30.0,86,90,21.92,45.62,-61.36
1,Orange Walk,JM,01.05.2020,80.6,78,20,10.29,17.93,-76.27
2,Vaini,IN,01.05.2020,66.2,88,75,4.7,15.34,74.49
3,Bayburt,TR,01.05.2020,12.42,90,100,5.64,40.26,40.22
4,Sitka,US,01.05.2020,36.0,53,0,1.01,37.17,-99.65
5,Tuktoyaktuk,CA,01.05.2020,-23.8,74,20,5.82,69.44,-133.03
6,Rikitea,PF,01.05.2020,76.28,76,52,16.04,-23.12,-134.97
7,Progreso,UY,01.05.2020,78.01,60,33,17.22,-34.68,-56.22
8,Hermanus,ZA,01.05.2020,64.0,93,100,9.78,-34.42,19.24
9,Half Moon Bay,US,01.05.2020,55.99,87,75,6.93,37.46,-122.43
10,Pangnirtung,CA,01.05.2020,-46.19,90,100,1.74,66.15,-65.72
11,Minsk Mazowiecki,PL,01.05.2020,30.99,100,87,2.24,52.18,21.57
12,Yellowknife,CA,01.05.2020,-16.01,82,5,5.82,62.45,-114.38
13,Jumla,NP,01.05.2020,33.28,30,3,2.53,29.28,82.18
14,Marawi,PH,01.05.2020,80.01,73,7,5.99,8.0,124.29
15,Chirongui,YT,01.05.2020,82.4,83,100,5.82,-12.93,45.15
16,Upernavik,GL,01.05.2020,-30.44,96,94,15.59,72.79,-56.15
17,San Andres,PH,01.05.2020,81.72,69,51,12.91,13.32,122.68
18,Sovetskaya,RU,01.05.2020,32.0,4,9,1.99,44.78,41.17
19,Lompoc,US,01.05.2020,60.8,52,1,13.87,34.64,-120.46
20,Chernyshevskiy,RU,01.05.2020,7.0,92,100,11.45,63.01,112.47
21,Ginir,ET,01.05.2020,61.47,67,50,3.09,7.14,40.71
22,Victor Harbor,AU,01.05.2020,72.0,45,0,16.11,-35.55,138.62
23,Atuona,PF,01.05.2020,79.9,78,63,10.71,-9.8,-139.03
24,Bluff,AU,01.05.2020,90.79,38,74,13.69,-23.58,149.07
25,Pisco,PE,01.05.2020,70.0,83,65,17.22,-13.71,-76.2
26,Albany,US,01.05.2020,30.2,63,75,6.93,42.65,-73.75
27,Avarua,CK,01.05.2020,82.4,83,100,4.7,-21.21,-159.78
28,Port Hedland,AU,01.05.2020,95.0,39,97,18.34,-20.31,118.58
29,Gushi,CN,01.05.2020,44.47,95,100,5.77,32.17,115.65
30,Ponta Delgada,PT,01.05.2020,64.4,93,75,16.11,37.73,-25.67
31,Beringovskiy,RU,01.05.2020,-6.29,80,94,16.04,63.05,179.32
32,Nome,US,01.05.2020,63.0,82,1,5.82,30.04,-94.42
33,Luderitz,NA,01.05.2020,62.92,85,0,20.76,-26.65,15.16
34,Bethel,US,01.05.2020,-14.8,68,1,9.17,60.79,-161.76
35,Victoria,BN,01.05.2020,84.2,70,75,4.7,5.28,115.24
36,Mataura,NZ,01.05.2020,48.99,80,100,21.99,-46.19,168.86
37,Koslan,RU,01.05.2020,9.54,94,98,8.16,63.46,48.9
38,Ushuaia,AR,01.05.2020,48.2,70,75,25.28,-54.81,-68.31
39,Vao,EE,01.05.2020,30.83,95,100,14.32,59.1,26.19
40,Ouro Preto do Oeste,BR,01.05.2020,72.64,97,100,4.43,-10.75,-62.22
41,Ponta do Sol,BR,01.05.2020,66.6,96,2,2.24,-20.63,-46.0
42,Katsuura,JP,01.05.2020,53.01,54,20,3.36,33.93,134.5
43,Pundaguitan,PH,01.05.2020,79.66,77,46,7.29,6.37,126.17
44,Esperance,AU,01.05.2020,86.0,20,0,21.92,-33.86,121.89
45,Kodiak,US,01.05.2020,37.99,64,1,5.82,39.95,-94.76
46,Cape Town,ZA,01.05.2020,64.4,72,40,8.05,-33.93,18.42
47,Sambava,MG,01.05.2020,70.92,93,72,2.35,-14.27,50.17
48,Graaff-Reinet,ZA,01.05.2020,61.0,67,90,4.72,-32.25,24.53
49,Bambous Virieux,MU,01.05.2020,75.2,94,75,10.29,-20.34,57.76
50,Princes Town,TT,01.05.2020,75.99,78,20,6.26,10.27,-61.37
51,Butaritari,KI,01.05.2020,85.01,75,100,17.43,3.07,172.79
52,Xining,CN,01.05.2020,19.96,50,100,0.49,36.62,101.77
53,Faanui,PF,01.05.2020,82.38,72,12,11.03,-16.48,-151.75
54,Nikolskoye,RU,01.05.2020,25.0,85,100,2.24,59.7,30.79
55,Kokopo,PG,01.05.2020,85.46,68,1,7.54,-4.34,152.27
56,Dingle,PH,01.05.2020,79.36,85,97,16.37,11.0,122.67
57,Sao Joao da Barra,BR,01.05.2020,75.29,94,100,4.38,-21.64,-41.05
58,Athens,GR,01.05.2020,45.0,81,90,11.41,37.98,23.73
59,Dicabisagan,PH,01.05.2020,78.26,72,5,8.43,17.08,122.42
60,Tasiilaq,GL,01.05.2020,20.64,90,100,38.86,65.61,-37.64
61,Khatanga,RU,01.05.2020,-2.85,98,99,5.68,71.98,102.47
62,Ati,TD,01.05.2020,61.93,26,33,8.25,13.21,18.34
63,Yuryevets,RU,01.05.2020,23.49,95,89,3.83,57.32,43.11
64,Cherskiy,RU,01.05.2020,-9.81,63,1,4.23,68.75,161.3
65,Port Alfred,ZA,01.05.2020,68.0,93,99,3.13,-33.59,26.89
66,Rawson,AR,01.05.2020,61.61,59,93,16.02,-43.3,-65.11
67,Sioux Lookout,CA,01.05.2020,19.4,72,90,14.99,50.1,-91.92
68,Brandon,US,01.05.2020,28.99,73,1,9.17,43.59,-96.57
69,Mackay,CA,01.05.2020,21.2,67,75,16.11,53.65,-115.58
70,Carnarvon,ZA,01.05.2020,58.98,82,69,7.38,-30.97,22.13
71,Castro,CL,01.05.2020,51.8,81,40,1.12,-42.48,-73.76
72,Mar del Plata,AR,01.05.2020,56.43,57,64,23.22,-46.43,-67.52
73,Karakol,KG,01.05.2020,13.68,37,62,4.97,42.49,78.39
74,Buala,SB,01.05.2020,85.53,70,47,8.97,-8.15,159.59
75,Le Port,FR,01.05.2020,42.01,79,0,3.0,42.87,1.37
76,Jamestown,AU,01.05.2020,73.4,55,82,0.31,-33.21,138.6
77,Thompson,CA,01.05.2020,6.8,84,90,10.29,55.74,-97.86
78,Yerbogachen,RU,01.05.2020,10.89,92,100,11.39,61.28,108.01
79,Saint George,GR,01.05.2020,42.8,45,75,20.8,39.45,22.34
80,Maniitsoq,GL,01.05.2020,4.98,98,100,26.04,65.42,-52.9
81,Nemuro,JP,01.05.2020,26.6,58,20,20.8,43.32,145.57
82,Omsukchan,RU,01.05.2020,-5.58,58,91,0.85,62.53,155.8
83,Lebu,ET,01.05.2020,51.46,81,38,0.56,8.96,38.73
84,Vila Velha,BR,01.05.2020,86.0,74,75,5.82,-3.71,-38.6
85,Fairbanks,US,01.05.2020,-17.0,66,100,2.15,64.84,-147.72
86,Dunedin,NZ,01.05.2020,55.99,52,70,38.01,-45.87,170.5
87,Belmonte,PT,01.05.2020,36.0,61,0,0.63,40.36,-7.35
88,Batagay-Alyta,RU,01.05.2020,-22.56,78,0,4.38,67.8,130.41
89,Barrow,AR,01.05.2020,61.7,89,100,7.25,-38.31,-60.23
90,Doha,QA,01.05.2020,62.6,82,32,11.41,25.29,51.53
91,Bredasdorp,ZA,01.05.2020,64.4,72,100,4.7,-34.53,20.04
92,Tarnogskiy Gorodok,RU,01.05.2020,11.48,92,0,4.99,60.5,43.58
93,Nanortalik,GL,01.05.2020,28.49,71,100,29.53,60.14,-45.24
94,Zhangye,CN,01.05.2020,25.43,48,100,2.55,38.94,100.46
95,Vila Franca do Campo,PT,01.05.2020,64.4,93,75,16.11,37.72,-25.43
96,Road Town,VG,01.05.2020,78.8,74,40,4.7,18.42,-64.62
97,Wenceslau Braz,BR,01.05.2020,66.99,99,1,1.01,-23.87,-49.8
98,Souillac,FR,01.05.2020,36.0,89,0,3.36,45.6,-0.6
99,Torbay,CA,01.05.2020,30.99,100,90,29.97,47.66,-52.73
100,Oktyabrskiy,RU,01.05.2020,32.0,96,75,4.47,55.61,37.97
101,Termoli,IT,01.05.2020,37.0,58,0,5.99,42.0,14.99
102,Punta Arenas,CL,01.05.2020,48.2,61,40,17.22,-53.16,-70.91
103,Soloneshnoye,RU,01.05.2020,13.91,75,0,4.83,51.65,84.32
104,Airai,TL,01.05.2020,81.5,53,100,4.97,-8.93,125.41
105,Puerto Ayora,EC,01.05.2020,75.99,82,0,5.01,-0.74,-90.35
106,Mustang,US,01.05.2020,46.99,56,1,7.07,35.38,-97.72
107,Elizabeth City,US,01.05.2020,45.0,71,1,7.87,36.3,-76.22
108,Portree,GB,01.05.2020,48.99,88,100,28.01,57.41,-6.19
109,Suntar,RU,01.05.2020,12.61,92,100,8.59,62.16,117.65
110,Rio Grande,BR,01.05.2020,73.99,83,31,1.99,-32.03,-52.1
111,Busselton,AU,01.05.2020,88.0,18,23,11.43,-33.64,115.35
112,Springbok,ZA,01.05.2020,51.19,76,81,3.31,-29.67,17.88
113,Hambantota,LK,01.05.2020,73.4,100,20,3.36,6.12,81.12
114,Banki,HR,01.05.2020,41.0,51,97,17.22,45.22,13.8
115,Heers,BE,01.05.2020,44.01,75,75,8.05,50.75,5.3
116,Chara,GR,01.05.2020,42.8,45,75,20.8,39.42,22.43
117,Erzin,TR,01.05.2020,46.4,65,75,8.05,36.95,36.2
118,Saskylakh,RU,01.05.2020,-16.62,92,100,16.02,71.97,114.09
119,New Norfolk,AU,01.05.2020,75.99,55,20,13.87,-42.78,147.06
120,Skelleftea,SE,01.05.2020,28.4,86,0,11.41,64.75,20.95
121,Kurya,RU,01.05.2020,11.5,71,0,1.19,51.6,82.29
122,Cap Malheureux,MU,01.05.2020,75.2,94,75,10.29,-19.98,57.61
123,Aklavik,CA,01.05.2020,-16.6,68,90,4.7,68.22,-135.01
124,Harper,US,01.05.2020,62.6,43,1,3.36,30.3,-99.24
125,Iqaluit,CA,01.05.2020,-16.6,62,90,5.82,63.75,-68.52
126,Ilulissat,GL,01.05.2020,10.4,60,100,9.17,69.22,-51.1
127,Kokstad,ZA,01.05.2020,61.5,98,71,2.91,-30.55,29.42
128,Varhaug,NO,01.05.2020,46.4,93,90,11.41,58.61,5.65
129,Richards Bay,ZA,01.05.2020,78.66,89,67,14.92,-28.77,32.06
130,Malinovoye Ozero,RU,01.05.2020,8.04,80,0,6.44,51.68,79.77
131,Kavaratti,IN,01.05.2020,80.29,67,0,7.2,10.57,72.64
132,Grand-Santi,GF,01.05.2020,69.84,99,21,1.63,4.27,-54.38
133,Pedro II,BR,01.05.2020,71.53,93,96,2.06,-4.43,-41.45
134,Kavieng,PG,01.05.2020,85.75,69,29,8.14,-2.57,150.8
135,Onega,RU,01.05.2020,18.55,85,85,12.17,63.91,38.09
136,Hobart,AU,01.05.2020,75.99,55,20,13.87,-42.88,147.33
137,Vredendal,ZA,01.05.2020,61.72,97,96,4.05,-31.68,18.49
138,Chokurdakh,RU,01.05.2020,-20.38,100,16,1.92,70.62,147.9
139,Lorengau,PG,01.05.2020,85.35,69,68,8.57,-2.02,147.27
140,Broome,GB,01.05.2020,46.4,81,3,9.17,52.47,1.45
141,Kapaa,US,01.05.2020,82.4,74,75,17.22,22.08,-159.32
142,Bereda,ES,01.05.2020,41.0,100,75,8.05,43.27,-7.54
143,Katiola,CI,01.05.2020,70.45,28,46,3.22,8.14,-5.1
144,Juazeiro,BR,01.05.2020,80.6,74,75,5.82,-9.43,-40.51
145,Wembley,CA,01.05.2020,28.4,58,20,25.28,55.15,-119.14
146,Hinjilikatu,IN,01.05.2020,69.26,68,0,4.76,19.48,84.75
147,Altay,CN,01.05.2020,16.03,49,92,4.81,47.83,88.13
148,Lebyazhye,RU,01.05.2020,25.0,85,100,2.24,59.96,29.42
149,Toccoa,US,01.05.2020,46.4,45,1,8.05,34.58,-83.33
150,Comodoro Rivadavia,AR,01.05.2020,68.0,34,75,16.11,-45.87,-67.48
151,Qaanaaq,GL,01.05.2020,-25.26,51,74,2.95,77.48,-69.36
152,Mahebourg,MU,01.05.2020,75.2,94,75,10.29,-20.41,57.7
153,East Bethel,US,01.05.2020,30.2,63,1,6.93,45.32,-93.2
154,Perth,AU,01.05.2020,87.8,25,0,2.24,-31.95,115.86
155,Bathsheba,BB,01.05.2020,75.2,94,75,3.36,13.22,-59.52
156,Hamilton,CA,01.05.2020,32.0,100,90,10.29,43.26,-79.87
157,Geraldton,CA,01.05.2020,17.6,85,90,3.36,49.72,-86.95
158,Ingham,AU,01.05.2020,91.9,44,0,8.32,-18.65,146.16
159,Longyearbyen,NO,01.05.2020,-0.4,64,20,11.41,78.22,15.63
160,Misawa,JP,01.05.2020,39.2,55,75,17.22,40.75,141.38
161,Uray,RU,01.05.2020,14.32,95,100,6.67,60.13,64.8
162,Husavik,CA,01.05.2020,16.0,80,0,7.78,50.56,-96.99
163,Port Lincoln,AU,01.05.2020,68.05,54,2,10.22,-34.72,135.86
164,San Quintin,PH,01.05.2020,83.32,53,0,5.12,17.54,120.52
165,Saint-Francois,FR,01.05.2020,32.0,92,8,2.24,46.42,3.91
166,Jaffna,LK,01.05.2020,80.62,79,50,14.5,9.67,80.01
167,Saint-Philippe,CA,01.05.2020,19.99,67,90,9.17,45.36,-73.48
168,Brae,GB,01.05.2020,50.0,93,100,23.04,60.4,-1.35
169,Pacific Grove,US,01.05.2020,57.2,67,1,4.7,36.62,-121.92
170,Sao Filipe,CV,01.05.2020,70.3,67,98,19.91,14.9,-24.5
171,Talcahuano,CL,01.05.2020,59.0,87,75,5.82,-36.72,-73.12
172,De-Kastri,RU,01.05.2020,12.99,86,95,18.57,51.48,140.77
173,Plettenberg Bay,ZA,01.05.2020,65.97,89,99,3.94,-34.05,23.37
174,Ballina,IE,01.05.2020,50.0,89,100,17.0,54.11,-9.15
175,Chernihiv,UA,01.05.2020,27.73,86,0,6.53,51.49,31.29
176,Eyemouth,GB,01.05.2020,48.2,87,4,8.05,55.87,-2.09
177,Klaksvik,FO,01.05.2020,48.2,100,100,16.11,62.23,-6.59
178,Farrukhabad,IN,01.05.2020,56.52,58,0,7.25,27.39,79.58
179,Malanje,AO,01.05.2020,64.22,95,100,1.3,-9.54,16.35
180,Taman,RU,01.05.2020,42.8,93,75,4.47,45.22,36.72
181,Iquitos,PE,01.05.2020,78.8,83,0,2.8,-3.75,-73.25
182,Chuy,UY,01.05.2020,69.55,85,0,11.83,-33.69,-53.46
183,Alofi,NU,01.05.2020,82.4,83,3,10.29,-19.06,-169.92
184,Okhotsk,RU,01.05.2020,5.38,79,0,9.13,59.36,143.24
185,Goderich,CA,01.05.2020,30.99,90,100,11.99,43.74,-81.71
186,Pevek,RU,01.05.2020,-7.29,80,0,3.85,69.7,170.27
187,Camocim,BR,01.05.2020,75.97,88,100,2.48,-2.9,-40.84
188,Hami,CN,01.05.2020,22.86,38,99,1.16,42.84,93.51
189,Siocon,PH,01.05.2020,90.0,60,14,9.17,11.03,124.04
190,Taoudenni,ML,01.05.2020,50.68,21,23,5.79,22.68,-3.98
191,Kanganpur,IN,01.05.2020,56.84,50,100,7.67,29.52,75.05
192,Severo-Kurilsk,RU,01.05.2020,26.65,91,99,8.43,50.68,156.12
193,Vanimo,PG,01.05.2020,82.02,74,100,8.37,-2.67,141.3
194,Nalut,LY,01.05.2020,49.51,83,55,10.54,31.86,10.98
195,Saldanha,PT,01.05.2020,34.38,84,0,0.56,41.42,-6.55
196,Naze,NG,01.05.2020,73.4,83,2,0.83,5.43,7.07
197,Haines Junction,CA,01.05.2020,-3.01,98,100,4.85,60.75,-137.51
198,Nefteyugansk,RU,01.05.2020,26.6,100,90,13.42,61.09,72.61
199,Lieksa,FI,01.05.2020,23.9,93,100,13.85,63.32,30.02
200,Darfield,NZ,01.05.2020,73.0,30,99,8.05,-43.49,172.11
201,Grand-Lahou,CI,01.05.2020,80.64,61,0,6.11,5.24,-5.0
202,Namatanai,PG,01.05.2020,85.84,71,87,8.95,-3.66,152.44
203,Rovaniemi,FI,01.05.2020,24.8,92,90,13.87,66.5,25.72
204,Mizdah,LY,01.05.2020,47.86,86,23,12.28,31.45,12.98
205,Poum,MK,01.05.2020,23.05,63,0,7.4,41.28,20.71
206,Saint-Orens-de-Gameville,FR,01.05.2020,35.01,100,90,2.24,43.56,1.54
207,Nizhniy Odes,RU,01.05.2020,9.0,94,70,7.0,63.64,54.86
208,Husum,DE,01.05.2020,43.0,93,100,14.99,54.49,9.05
209,College,US,01.05.2020,-17.0,66,100,1.77,64.86,-147.8
210,Halmaj,HU,01.05.2020,28.4,74,75,2.24,48.25,21.0
211,Itarema,BR,01.05.2020,76.15,87,43,4.32,-2.92,-39.92
212,Jijiga,ET,01.05.2020,60.3,74,71,10.27,9.35,42.8
213,Hilo,US,01.05.2020,80.6,61,90,17.22,19.71,-155.08
214,Abu Samrah,SY,01.05.2020,43.23,85,79,7.99,35.3,37.18
215,Alugan,PH,01.05.2020,82.27,76,21,15.08,12.22,125.48
216,Kalmunai,LK,01.05.2020,82.42,76,2,13.82,7.42,81.82
217,Kango,GA,01.05.2020,74.26,96,100,1.68,0.19,10.1
218,Itacoatiara,BR,01.05.2020,77.95,71,82,1.41,-3.14,-58.44
219,Araceli,PH,01.05.2020,81.19,81,34,22.93,10.55,119.99
220,Kalevala,FI,01.05.2020,22.66,90,100,13.42,64.12,29.58
221,Gerash,IR,01.05.2020,46.4,93,3,4.7,27.67,54.14
222,Constitucion,MX,01.05.2020,62.6,16,40,3.36,23.99,-104.67
223,Thurso,CA,01.05.2020,16.0,78,75,4.7,45.6,-75.25
224,Hithadhoo,MV,01.05.2020,84.33,73,100,12.73,-0.6,73.08
225,Sao Jose da Coroa Grande,BR,01.05.2020,80.02,78,100,8.61,-8.9,-35.15
226,Buctzotz,MX,01.05.2020,64.47,88,5,3.65,21.2,-88.79
227,Nyurba,RU,01.05.2020,0.3,98,99,3.42,63.29,118.35
228,Namibe,AO,01.05.2020,72.82,87,68,10.18,-15.19,12.15
229,Touros,BR,01.05.2020,80.6,78,40,6.93,-5.2,-35.46
230,Tiznit,MA,01.05.2020,47.19,87,0,1.19,29.7,-9.73
231,Nuristan,UZ,01.05.2020,41.0,100,90,6.93,38.49,65.64
232,Bonthe,SL,01.05.2020,75.56,72,0,4.16,7.53,-12.5
233,Voyvozh,RU,01.05.2020,13.28,95,97,6.62,62.89,54.96
234,Preobrazheniye,RU,01.05.2020,28.65,55,89,3.65,42.9,133.91
235,Jinchang,CN,01.05.2020,19.13,50,100,4.94,38.52,102.19
236,Greece,US,01.05.2020,33.01,86,90,6.93,43.21,-77.69
237,Tutoia,BR,01.05.2020,74.77,95,100,3.33,-2.76,-42.27
238,Cururupu,BR,01.05.2020,73.89,97,100,1.14,-1.82,-44.87
239,Killybegs,IE,01.05.2020,46.99,89,100,17.0,54.63,-8.45
240,Sehithwa,BW,01.05.2020,74.75,67,97,3.31,-20.47,22.7
241,Christchurch,NZ,01.05.2020,73.0,30,100,8.05,-43.53,172.64
242,Inhambane,MZ,01.05.2020,78.42,81,36,10.83,-23.87,35.38
243,Charagua,BO,01.05.2020,76.42,72,100,8.12,-19.79,-63.2
244,Marevo,BA,01.05.2020,28.4,79,75,3.36,43.57,18.7
245,Edd,ER,01.05.2020,76.91,82,78,7.05,13.93,41.69
246,Yantzaza,EC,01.05.2020,57.4,86,25,6.64,-3.83,-78.76
247,Zary,PL,01.05.2020,37.0,88,100,7.0,51.64,15.14
248,Lagoa,PT,01.05.2020,51.8,76,0,9.17,37.14,-8.45
249,Coahuayana,MX,01.05.2020,72.73,48,0,3.58,18.62,-100.35
250,Hofn,IS,01.05.2020,46.04,95,100,21.39,64.25,-15.21
251,Kruisfontein,ZA,01.05.2020,63.05,87,100,3.0,-34.0,24.73
252,Ugoofaaru,MV,01.05.2020,82.35,78,48,15.01,5.67,73.0
253,Sinegorskiy,RU,01.05.2020,34.14,84,100,2.75,48.01,40.84
254,Adrar,DZ,01.05.2020,42.8,38,0,10.29,27.87,-0.29
255,Lincoln,GB,01.05.2020,46.99,87,0,11.41,53.23,-0.54
256,Prince Rupert,CA,01.05.2020,39.2,66,75,12.75,54.32,-130.32
257,Wundanyi,KE,01.05.2020,68.05,91,57,2.48,-3.4,38.37
258,Luau,CD,01.05.2020,64.74,98,100,2.8,-10.7,22.23
259,Nouadhibou,MR,01.05.2020,59.0,72,25,14.99,20.93,-17.03
260,Payakumbuh,ID,01.05.2020,77.2,68,3,4.32,-0.23,100.63
261,Coos Bay,US,01.05.2020,48.99,87,90,4.7,43.37,-124.22
262,East London,ZA,01.05.2020,71.82,77,44,5.39,-33.02,27.91
263,Carutapera,BR,01.05.2020,81.3,80,99,12.21,-1.2,-46.02
264,Hasaki,JP,01.05.2020,48.0,48,20,12.75,35.73,140.83
265,Vardablur,AM,01.05.2020,28.4,79,90,2.24,40.67,44.25
266,Svolvaer,NO,01.05.2020,41.0,86,75,5.82,68.23,14.57
267,Cidreira,BR,01.05.2020,74.7,84,0,23.15,-30.17,-50.22
268,Novouzensk,RU,01.05.2020,29.46,94,96,5.06,50.46,48.14
269,Padang,ID,01.05.2020,82.27,55,0,2.73,-0.92,100.36
270,Young,UY,01.05.2020,73.0,60,43,5.55,-32.7,-57.63
271,Surt,LY,01.05.2020,56.14,75,90,16.42,31.21,16.59
272,Taksimo,RU,01.05.2020,-3.41,88,0,1.05,56.36,114.84
273,Uyuni,BO,01.05.2020,49.84,46,14,14.52,-20.46,-66.82
274,Sibolga,ID,01.05.2020,85.64,55,1,1.92,1.74,98.78
275,Huarmey,PE,01.05.2020,68.61,79,38,2.15,-10.07,-78.15
276,Yacuiba,AR,01.05.2020,80.31,48,96,5.3,-22.01,-63.68
277,Port Keats,AU,01.05.2020,90.77,58,100,12.68,-14.25,129.55
278,Smithers,CA,01.05.2020,28.4,58,40,2.24,54.78,-127.17
279,Thunder Bay,CA,01.05.2020,28.4,74,90,23.04,48.41,-89.26
280,Ucluelet,CA,01.05.2020,43.0,86,90,4.7,48.94,-125.55
281,Sao Felix do Xingu,BR,01.05.2020,72.43,98,100,1.28,-6.64,-51.99
282,Pando,UY,01.05.2020,78.01,60,33,17.22,-34.72,-55.96
283,Makueni,KE,01.05.2020,62.04,94,74,3.38,-1.8,37.62
284,Mutum,BR,01.05.2020,68.29,96,71,1.79,-19.82,-41.44
285,Brownwood,US,01.05.2020,53.6,52,1,6.49,31.71,-98.99
286,Hildburghausen,DE,01.05.2020,37.99,86,90,8.05,50.43,10.73
287,Mumford,GH,01.05.2020,70.99,60,100,3.36,5.26,-0.76
288,Warin Chamrap,TH,01.05.2020,73.0,83,1,4.7,15.19,104.86
289,Wad Rawah,SD,01.05.2020,55.17,24,0,10.25,15.16,33.13
290,Portland,US,01.05.2020,26.6,53,1,4.7,43.66,-70.25
291,Jalu,LY,01.05.2020,49.82,63,0,16.4,29.03,21.55
292,Morondava,MG,01.05.2020,76.35,86,0,1.63,-20.3,44.28
293,Kafanchan,NG,01.05.2020,65.26,34,96,5.39,9.58,8.3
294,Tabas,IR,01.05.2020,39.2,51,0,4.7,33.6,56.92
295,Tual,ID,01.05.2020,84.42,76,76,11.16,-5.67,132.75
296,Cabo San Lucas,MX,01.05.2020,70.0,77,75,3.36,22.89,-109.91
297,liliongan,PH,01.05.2020,84.72,58,44,5.46,7.36,124.8
298,Van,TR,01.05.2020,19.4,85,40,3.36,38.51,43.37
299,La Ronge,CA,01.05.2020,-2.2,77,90,5.14,55.1,-105.3
300,Norman Wells,CA,01.05.2020,-31.0,73,20,3.36,65.28,-126.83
301,Leningradskiy,RU,01.05.2020,-9.13,65,0,3.71,69.38,178.42
302,Tiksi,RU,01.05.2020,-12.57,86,3,13.6,71.64,128.87
303,Mazagao,BR,01.05.2020,78.8,100,20,6.93,-0.12,-51.29
304,Yar-Sale,RU,01.05.2020,10.06,89,0,14.61,66.83,70.83
305,Taltal,CL,01.05.2020,61.41,80,0,1.39,-25.41,-70.49
306,Phan Thiet,VN,01.05.2020,83.08,49,79,1.86,10.93,108.1
307,Pathein,MM,01.05.2020,80.1,73,17,10.02,16.78,94.73
308,Kendari,ID,01.05.2020,78.87,91,100,3.56,-3.99,122.52
309,Swan River,CA,01.05.2020,9.41,92,26,8.23,52.11,-101.27
310,Lavrentiya,RU,01.05.2020,-11.22,81,0,4.18,65.58,-170.99
311,Amga,RU,01.05.2020,4.8,96,100,3.89,60.89,131.98
312,Tiarei,PF,01.05.2020,80.6,88,40,6.93,-17.53,-149.33
313,Rapid Valley,US,01.05.2020,30.99,46,90,10.47,44.06,-103.15
314,Tsaratanana,MG,01.05.2020,68.36,94,100,4.34,-16.8,47.65
315,San Ramon,NI,01.05.2020,67.17,81,0,6.96,12.92,-85.84
316,Fortuna,US,01.05.2020,50.0,81,1,0.65,40.6,-124.16
317,Cockburn Town,TC,01.05.2020,77.47,68,2,8.16,21.46,-71.14
318,Aquiraz,BR,01.05.2020,86.0,74,75,5.82,-3.9,-38.39
319,Plouzane,FR,01.05.2020,41.0,86,90,10.29,48.38,-4.62
320,Labuhan,ID,01.05.2020,88.07,59,100,2.86,-2.54,115.51
321,Bubaque,GW,01.05.2020,77.02,43,0,17.49,11.28,-15.83
322,Dikson,RU,01.05.2020,17.19,94,100,16.11,73.51,80.55
323,Kholmogory,RU,01.05.2020,14.0,92,20,4.47,64.23,41.65
324,Port Blair,IN,01.05.2020,80.6,83,40,9.17,11.67,92.75
325,Talnakh,RU,01.05.2020,19.4,92,40,26.84,69.49,88.39
326,Mehamn,NO,01.05.2020,16.79,81,100,8.52,71.03,27.85
327,Nishihara,JP,01.05.2020,54.0,43,20,11.41,35.74,139.53
328,Te Anau,NZ,01.05.2020,43.54,77,60,11.92,-45.41,167.72
329,Poughkeepsie,US,01.05.2020,32.0,74,20,5.82,41.71,-73.93
330,Fort-Shevchenko,KZ,01.05.2020,30.74,56,100,5.75,44.51,50.26
331,Dasoguz,TM,01.05.2020,23.0,79,75,4.7,41.84,59.97
332,Berlevag,NO,01.05.2020,25.29,75,100,15.14,70.86,29.09
333,Provideniya,RU,01.05.2020,-11.09,72,83,8.1,64.42,-173.23
334,Bilma,NE,01.05.2020,51.28,31,48,6.42,18.69,12.92
335,Waingapu,ID,01.05.2020,84.13,77,37,22.37,-9.65,120.26
336,Mosquera,CO,01.05.2020,55.4,82,20,8.05,4.71,-74.23
337,Agadez,NE,01.05.2020,57.2,30,1,5.82,16.97,7.99
338,Tetouan,MA,01.05.2020,59.0,81,29,9.17,35.57,-5.37
339,Ribeira Grande,PT,01.05.2020,60.04,93,100,16.71,38.52,-28.7
340,Barabai,ID,01.05.2020,88.07,59,100,2.86,-2.59,115.38
341,Narsaq,GL,01.05.2020,17.6,78,90,8.05,60.91,-46.05
342,Kui Buri,TH,01.05.2020,77.0,69,33,5.06,12.07,99.86
343,Kjollefjord,NO,01.05.2020,19.53,74,100,7.43,70.95,27.35
344,Ferrol,ES,01.05.2020,41.0,100,75,8.05,43.48,-8.23
345,Cairns,AU,01.05.2020,89.01,70,40,5.82,-16.92,145.77
346,Conceicao do Araguaia,BR,01.05.2020,73.49,96,100,2.15,-8.26,-49.26
347,Rafraf,TN,01.05.2020,53.6,87,40,1.72,37.19,10.18
348,Bandarbeyla,SO,01.05.2020,79.0,77,94,6.8,9.49,50.81
349,Almaznyy,RU,01.05.2020,35.6,93,75,2.24,48.03,40.04
350,Vikhorevka,RU,01.05.2020,14.0,92,75,6.71,56.12,101.17
351,Santa Vitoria do Palmar,BR,01.05.2020,69.55,85,0,11.83,-33.52,-53.37
352,Kaitangata,NZ,01.05.2020,52.0,63,100,23.0,-46.28,169.85
353,Northam,AU,01.05.2020,87.8,20,0,4.7,-31.65,116.67
354,Liberty,US,01.05.2020,44.01,75,90,17.22,39.64,-84.93
355,Jangaon,IN,01.05.2020,68.2,57,16,7.23,17.72,79.16
356,Vanavara,RU,01.05.2020,14.27,94,100,8.25,60.35,102.28
357,Puerto Rico,CO,01.05.2020,71.74,88,61,3.15,1.91,-75.15
358,Atar,MR,01.05.2020,51.82,27,0,7.54,20.52,-13.05
359,Karratha,AU,01.05.2020,87.49,64,100,6.98,-20.74,116.85
360,Isangel,VU,01.05.2020,87.8,62,20,14.99,-19.55,169.27
361,Komsomolskiy,RU,01.05.2020,9.1,94,100,16.98,67.55,63.78
362,Kenai,US,01.05.2020,0.0,83,20,8.05,60.55,-151.26
363,Leshan,CN,01.05.2020,49.96,75,100,5.1,29.56,103.76
364,Ler,NO,01.05.2020,45.0,100,90,12.75,63.2,10.3
365,Kopong,BW,01.05.2020,68.0,82,16,4.7,-24.47,25.89
366,Pisz,PL,01.05.2020,28.4,92,100,6.93,53.63,21.81
367,Inuvik,CA,01.05.2020,-16.6,68,90,4.7,68.36,-133.71
368,Filingue,NE,01.05.2020,62.6,19,98,10.6,14.35,3.32
369,Krasnyy Kholm,RU,01.05.2020,24.91,84,6,4.09,58.06,37.11
370,Balikpapan,ID,01.05.2020,81.86,72,100,6.64,-1.24,116.86
371,Idrinskoye,RU,01.05.2020,13.19,87,85,3.76,54.37,92.14
372,Abha,SA,01.05.2020,57.2,87,20,10.29,18.22,42.5
373,Arraial do Cabo,BR,01.05.2020,76.08,86,100,2.51,-22.97,-42.02
374,Bosaso,SO,01.05.2020,77.88,75,0,5.57,11.28,49.18
375,Saint-Augustin,CA,01.05.2020,19.0,72,20,2.24,45.63,-73.98
376,Burnie,AU,01.05.2020,68.0,46,0,8.99,-41.05,145.91
377,Phibun Mangsahan,TH,01.05.2020,73.4,83,1,4.7,15.24,105.23
378,Sao Sebastiao,BR,01.05.2020,77.95,71,82,1.41,-3.15,-58.36
379,Flinders,AU,01.05.2020,72.0,88,100,6.93,-34.58,150.85
380,Mount Gambier,AU,01.05.2020,71.6,35,0,11.41,-37.83,140.78
381,Kanniyakumari,IN,01.05.2020,80.29,80,36,26.51,8.08,77.57
382,Linqiong,CN,01.05.2020,54.0,93,40,2.24,30.42,103.46
383,Fort Nelson,CA,01.05.2020,-9.4,69,75,5.82,58.81,-122.69
384,Kon Tum,VN,01.05.2020,77.52,50,0,1.48,14.36,108.0
385,Port Elizabeth,US,01.05.2020,37.99,59,1,5.82,39.31,-74.98
386,Caravelas,BR,01.05.2020,71.42,94,100,5.68,-17.73,-39.27
387,Kungurtug,RU,01.05.2020,-0.15,81,0,1.5,50.6,97.53
388,Rorvik,NO,01.05.2020,45.0,88,96,1.99,64.86,11.24
389,Srednekolymsk,RU,01.05.2020,-10.86,84,28,3.4,67.46,153.71
390,Pekalongan,ID,01.05.2020,83.7,74,76,7.02,-6.89,109.67
391,Lucapa,AO,01.05.2020,66.58,98,100,2.57,-8.42,20.74
392,Meulaboh,ID,01.05.2020,80.6,76,29,5.77,4.14,96.13
393,Trinidad,BO,01.05.2020,75.94,93,100,6.96,-14.83,-64.9
394,Sorong,ID,01.05.2020,90.1,56,72,5.26,-0.86,131.25
395,Tuatapere,NZ,01.05.2020,48.99,80,100,21.99,-46.13,167.69
396,Marzuq,YE,01.05.2020,59.5,74,5,0.56,14.4,46.47
397,Kaeo,NZ,01.05.2020,72.0,76,5,1.99,-35.1,173.78
398,Kyakhta,RU,01.05.2020,4.5,92,94,4.5,50.35,106.45
399,Georgetown,GY,01.05.2020,71.6,88,0,6.93,6.8,-58.16
400,Nhulunbuy,AU,01.05.2020,91.4,59,40,14.99,-12.18,136.78
401,Svetlaya,RU,01.05.2020,23.79,55,0,10.94,46.54,138.33
402,Bakhmach,UA,01.05.2020,28.44,91,0,7.65,51.18,32.81
403,Saint-Georges,CA,01.05.2020,12.99,84,100,4.0,46.12,-70.67
404,Kamariotissa,GR,01.05.2020,43.83,70,100,46.33,40.48,25.47
405,Ancud,CL,01.05.2020,51.8,81,40,1.12,-41.87,-73.83
406,Hay River,CA,01.05.2020,-13.0,75,75,5.82,60.82,-115.79
407,Kahului,US,01.05.2020,80.6,57,20,21.92,20.89,-156.47
408,Olinda,AU,01.05.2020,59.0,87,90,4.7,-37.84,145.39
409,Pangai,TO,01.05.2020,84.2,70,20,11.41,-19.8,-174.35
410,Pijijiapan,MX,01.05.2020,72.97,54,19,5.77,15.69,-93.21
411,Thinadhoo,MV,01.05.2020,83.93,74,88,13.0,0.53,72.93
412,Mezen,RU,01.05.2020,14.5,90,0,10.69,65.85,44.24
413,Eureka,US,01.05.2020,50.0,81,1,2.8,40.8,-124.16
414,Portales,US,01.05.2020,44.01,52,1,3.36,34.19,-103.33
415,Pavlivka,UA,01.05.2020,31.95,95,99,6.91,48.13,39.54
416,Usinsk,RU,01.05.2020,9.66,94,100,12.8,66.0,57.56
417,Glinde,DE,01.05.2020,42.8,87,75,11.41,53.54,10.21
418,El Viejo,NI,01.05.2020,81.54,56,36,9.15,12.66,-87.17
419,Bam,IR,01.05.2020,52.63,44,0,14.9,29.11,58.36
420,Galle,GN,01.05.2020,63.59,54,33,1.48,10.08,-12.83
421,Lourdes,SV,01.05.2020,80.6,47,0,16.11,13.73,-89.37
422,Wichita,US,01.05.2020,42.8,51,1,3.36,37.69,-97.34
423,Abu Kamal,SY,01.05.2020,47.41,76,47,0.94,34.45,40.92
424,Porosozero,RU,01.05.2020,21.34,75,100,10.11,62.72,32.71
425,Birao,CF,01.05.2020,61.48,25,35,11.79,10.3,22.78
426,Santa Marta,CO,01.05.2020,82.4,61,93,17.22,11.24,-74.21
427,Emilio Carranza,MX,01.05.2020,69.22,64,86,2.13,19.97,-96.61
428,Grindavik,IS,01.05.2020,35.6,97,90,18.34,63.84,-22.43
429,Eyl,SO,01.05.2020,78.91,82,39,12.41,7.98,49.82
430,Ust-Maya,RU,01.05.2020,-2.69,97,100,5.55,60.42,134.54
431,Mayo,CA,01.05.2020,-25.6,67,75,3.36,63.59,-135.9
432,Coquimbo,CL,01.05.2020,60.8,82,20,6.93,-29.95,-71.34
433,Scottsbluff,US,01.05.2020,34.0,58,20,6.93,41.87,-103.67
434,Zaysan,KZ,01.05.2020,-2.04,89,29,1.5,47.47,84.87
435,Bayamo,CU,01.05.2020,73.4,88,75,8.05,20.38,-76.64
436,Sao Francisco do Sul,BR,01.05.2020,73.0,94,40,3.87,-26.24,-48.64
437,Tignere,CM,01.05.2020,61.9,33,99,1.74,7.37,12.65
438,Gisors,FR,01.05.2020,39.2,86,0,3.36,49.28,1.78
439,Prescott,US,01.05.2020,50.0,28,1,8.05,34.54,-112.47
440,Ambulu,ID,01.05.2020,82.71,77,85,10.6,-8.35,113.61
441,Dalbandin,PK,01.05.2020,55.36,91,100,5.21,28.9,64.41
442,Baykit,RU,01.05.2020,8.55,97,98,4.38,61.68,96.39
443,Codrington,AU,01.05.2020,86.0,51,75,8.05,-28.95,153.24
444,Natori,JP,01.05.2020,48.0,36,40,14.99,38.17,140.88
445,Burns Lake,CA,01.05.2020,13.1,86,77,2.24,54.23,-125.76
446,Abyek,IR,01.05.2020,28.4,79,0,2.24,36.04,50.53
447,Aljezur,PT,01.05.2020,51.01,79,0,8.72,37.31,-8.8
448,Henties Bay,NA,01.05.2020,63.0,90,75,1.01,-22.12,14.28
449,Dauphin,CA,01.05.2020,21.2,73,20,16.11,51.15,-100.04
450,Mitsamiouli,KM,01.05.2020,82.92,72,98,4.63,-11.38,43.28
451,Sarkand,KZ,01.05.2020,19.2,43,0,3.27,45.41,79.91
452,Maumere,ID,01.05.2020,83.19,74,94,14.2,-8.63,122.22
453,Inta,RU,01.05.2020,10.45,93,87,16.2,66.04,60.13
454,Saint-Paul,FR,01.05.2020,37.99,74,0,8.05,45.22,1.9
455,Pakaur,IN,01.05.2020,63.66,52,0,4.97,24.64,87.92
456,Zhigansk,RU,01.05.2020,-11.67,94,99,16.67,66.77,123.37
457,Moroto,UG,01.05.2020,69.96,59,37,2.19,2.53,34.66
458,Rome,IT,01.05.2020,45.0,69,0,3.36,41.89,12.48
459,Hella,BF,01.05.2020,64.27,21,66,5.3,10.47,-3.27
460,Nyuzen,JP,01.05.2020,46.99,60,40,5.82,36.93,137.5
461,Nicoya,CR,01.05.2020,80.6,74,75,12.75,10.15,-85.45
462,Singaraja,ID,01.05.2020,83.39,75,68,7.25,-8.11,115.08
463,Lushoto,TZ,01.05.2020,67.77,84,100,4.29,-4.8,38.29
464,Batagay,RU,01.05.2020,-20.81,87,50,1.43,67.65,134.64
465,Sahbuz,AZ,01.05.2020,24.8,92,0,4.7,39.41,45.57
466,Ostrogozhsk,RU,01.05.2020,27.36,93,99,6.42,50.86,39.08
467,Ostrovnoy,RU,01.05.2020,12.79,84,94,15.73,68.05,39.51
468,Letychiv,UA,01.05.2020,23.9,90,91,6.96,49.38,27.62
469,High Level,CA,01.05.2020,-5.8,76,90,14.99,58.52,-117.13
470,Kununurra,AU,01.05.2020,84.2,79,90,6.93,-15.77,128.74
471,Moju,BR,01.05.2020,77.0,94,75,4.7,-1.89,-48.77
472,Chimore,BO,01.05.2020,74.32,98,100,1.32,-16.98,-65.13
473,Necochea,AR,01.05.2020,63.0,94,100,5.99,-38.55,-58.74
474,Yazman,SY,01.05.2020,41.56,94,81,11.48,36.74,38.46
475,Praia,BR,01.05.2020,73.4,83,40,4.45,-20.25,-43.81
476,Seoul,KR,01.05.2020,39.2,65,90,3.36,37.57,126.98
477,Buraydah,SA,01.05.2020,41.0,80,0,4.14,26.33,43.97
478,Valley City,US,01.05.2020,24.8,73,1,18.34,46.92,-98.0
479,Weligama,LK,01.05.2020,80.96,69,15,4.68,5.97,80.42
480,Terrasini,IT,01.05.2020,55.0,34,0,35.57,38.15,13.08
481,Turtas,RU,01.05.2020,13.69,96,99,7.38,58.94,69.13
482,San Patricio,PY,01.05.2020,78.6,53,0,8.46,-26.98,-56.83
483,Willowmore,ZA,01.05.2020,57.74,79,100,2.91,-33.3,23.49
484,Chumikan,RU,01.05.2020,4.08,80,0,3.31,54.72,135.31
485,Nantucket,US,01.05.2020,35.6,51,1,17.22,41.28,-70.1
486,Islamkot,PK,01.05.2020,64.6,43,0,6.6,24.7,70.18
487,Pascagoula,US,01.05.2020,53.6,93,1,3.06,30.37,-88.56
488,Port Augusta,AU,01.05.2020,69.01,76,20,1.99,-32.49,137.76
489,Guerrero Negro,MX,01.05.2020,63.05,50,83,7.16,27.97,-114.04
490,Dese,IT,01.05.2020,37.99,93,99,1.12,45.53,12.3
491,College Station,US,01.05.2020,62.6,47,1,5.82,30.63,-96.33
492,Bonavista,CA,01.05.2020,30.42,96,100,40.04,48.65,-53.11
493,Laguna,BZ,01.05.2020,73.4,73,75,4.34,16.17,-88.94
494,Palmas,BR,01.05.2020,77.0,88,40,8.05,-10.18,-48.33
495,San Cristobal,HN,01.05.2020,58.95,98,72,4.65,14.68,-86.92
496,Clyde River,CA,01.05.2020,-40.0,52,1,18.34,70.47,-68.59
497,Villarrubia de los Ojos,ES,01.05.2020,30.0,97,0,1.19,39.22,-3.61
498,Port Hardy,CA,01.05.2020,35.6,95,75,5.82,50.7,-127.42
499,Brigantine,US,01.05.2020,37.4,51,1,9.17,39.41,-74.36
500,Catabola,AO,01.05.2020,61.18,94,81,2.24,-12.14,17.29
501,Barmer,IN,01.05.2020,64.36,33,13,4.61,25.74,71.4
502,Shenjiamen,CN,01.05.2020,60.93,92,67,18.5,29.96,122.3
503,Robertsport,LR,01.05.2020,80.85,61,0,6.96,6.75,-11.37
504,Smalininkai,LT,01.05.2020,32.56,69,91,10.45,55.07,22.58
505,Emerald,AU,01.05.2020,87.8,48,90,14.99,-23.53,148.16
506,Muncar,ID,01.05.2020,83.57,75,63,10.76,-8.43,114.34
507,Issa,RU,01.05.2020,18.63,95,94,2.48,53.87,44.84
508,Port Macquarie,AU,01.05.2020,87.01,57,40,9.17,-31.43,152.91
509,Derzhavinsk,KZ,01.05.2020,13.3,95,76,6.13,51.1,66.31
510,Ixtapa,MX,01.05.2020,77.0,61,5,4.7,20.71,-105.21
511,Vanderhoof,CA,01.05.2020,23.85,77,67,8.81,54.02,-124.02
512,Kashan,IR,01.05.2020,39.52,51,0,2.8,33.99,51.44
513,Makakilo City,US,01.05.2020,82.4,69,20,11.41,21.35,-158.09
514,Wanning,AT,01.05.2020,30.99,86,75,2.24,48.64,13.53
515,Santa Isabel do Rio Negro,BR,01.05.2020,80.1,72,100,1.68,-0.41,-65.02
516,Podor,MR,01.05.2020,60.44,19,0,11.18,16.65,-14.96
517,Iralaya,HN,01.05.2020,80.96,80,68,17.02,15.0,-83.23
518,Hokitika,NZ,01.05.2020,56.16,65,21,37.47,-42.72,170.96
519,Borogontsy,RU,01.05.2020,-2.83,97,100,5.77,62.67,131.17
520,Dunda,IN,01.05.2020,42.19,41,100,2.91,30.62,78.32
521,Aswan,EG,01.05.2020,46.4,49,0,8.05,24.09,32.9
522,Antofagasta,CL,01.05.2020,69.8,73,46,4.7,-23.65,-70.4
523,Kurilsk,RU,01.05.2020,23.61,85,91,33.62,45.23,147.88
524,Viedma,AR,01.05.2020,57.79,93,95,3.02,-40.81,-62.99
525,Cortez,US,01.05.2020,30.2,80,1,4.7,37.35,-108.58
526,Kharp,RU,01.05.2020,5.38,97,71,4.12,66.82,65.8
527,Maldonado,UY,01.05.2020,75.2,60,20,10.29,-34.91,-54.96
528,Svatove,UA,01.05.2020,26.64,95,96,6.33,49.42,38.16
529,Shubarshi,KZ,01.05.2020,17.26,95,92,5.26,48.59,57.19
530,Constantine,DZ,01.05.2020,42.8,93,75,2.48,36.36,6.61
531,Waipawa,NZ,01.05.2020,60.01,66,46,27.0,-39.94,176.59
532,Madang,CN,01.05.2020,18.97,82,99,3.78,35.32,102.79
533,Okato,NZ,01.05.2020,64.0,53,31,15.99,-39.19,173.88
534,Xuanwu,CN,01.05.2020,57.99,87,90,2.24,32.07,118.81
535,Puerto Escondido,MX,01.05.2020,80.6,69,5,3.27,15.86,-97.07
536,Hegang,CN,01.05.2020,9.14,84,100,3.83,47.34,130.28
537,Araouane,ML,01.05.2020,55.35,22,0,10.38,18.9,-3.53
538,Urucui,BR,01.05.2020,72.75,79,22,2.44,-7.23,-44.56
539,Pelhrimov,CZ,01.05.2020,28.99,92,0,4.7,49.43,15.22
540,Ambon,FR,01.05.2020,37.4,86,0,9.17,47.55,-2.56
541,Keila,EE,01.05.2020,33.01,93,90,11.41,59.31,24.42
542,Kailua,US,01.05.2020,82.4,69,20,11.41,21.39,-157.74
543,Shimoda,JP,01.05.2020,59.0,65,20,9.17,34.7,138.93
544,Bastia,IT,01.05.2020,50.0,79,0,10.29,44.6,8.98
545,Kiunga,PG,01.05.2020,76.82,93,100,3.0,-6.12,141.3
546,Ayan,IR,01.05.2020,13.41,75,100,5.23,38.23,44.7
547,Menongue,AO,01.05.2020,60.57,96,57,2.68,-14.66,17.68
548,Camacha,PT,01.05.2020,60.8,72,40,11.41,33.08,-16.33
549,Kloulklubed,PW,01.05.2020,84.2,79,75,16.11,7.04,134.26
550,Kushima,JP,01.05.2020,51.8,61,40,5.82,31.5,131.29
551,Bredy,RU,01.05.2020,13.26,91,50,7.2,52.43,60.33
552,Nieuw Nickerie,SR,01.05.2020,76.86,73,0,10.29,5.94,-56.99
553,San Antonio,CL,01.05.2020,57.2,82,0,3.36,-33.58,-71.61
554,Santa Cruz,BR,01.05.2020,74.23,84,96,5.79,-6.22,-36.02
555,Baoding,CN,01.05.2020,33.55,88,61,4.47,38.86,115.49
556,Mizan Teferi,ET,01.05.2020,61.48,85,0,3.29,6.99,35.58
557,Hervey Bay,AU,01.05.2020,84.0,61,90,10.29,-25.3,152.85
558,Oktyabrskoye,RU,01.05.2020,27.0,92,75,13.42,56.73,85.44
559,Bolobo,CD,01.05.2020,74.82,62,99,2.21,-2.17,16.23
560,Ansalta,RU,01.05.2020,15.82,51,0,5.7,42.69,46.12
561,Semey,KZ,01.05.2020,-4.0,83,0,6.71,50.41,80.25
562,Oda,JP,01.05.2020,42.8,70,75,9.17,35.19,132.5
563,Nkawkaw,GH,01.05.2020,65.37,51,14,0.67,6.55,-0.77
564,Nuuk,GL,01.05.2020,6.8,84,90,33.33,64.17,-51.74
565,Leh,IN,01.05.2020,3.78,79,100,3.69,34.16,77.58
566,Puerto del Rosario,ES,01.05.2020,64.4,68,1,9.17,28.5,-13.86
567,Simiti,CO,01.05.2020,73.4,79,81,3.02,7.96,-73.94
568,Moose Factory,CA,01.05.2020,-0.4,84,40,5.82,51.26,-80.61
569,Mago,RU,01.05.2020,7.14,90,81,3.06,53.27,140.15
570,Petukhovo,RU,01.05.2020,10.72,95,100,9.95,55.06,67.89
571,Lamar,US,01.05.2020,33.8,47,1,10.29,38.09,-102.62
572,Ayni,TJ,01.05.2020,11.95,72,0,7.52,39.39,68.54
573,Jian,IN,01.05.2020,60.69,60,0,7.58,25.65,87.89
